customer_id,age,income,employment_length,loan_amount,debt_to_income,num_credit_lines,home_ownership,purpose,region,default
927,49,59693.88,0.2,35219.66,0.315,10,own,debt_consolidation,north,0
631,60,42716.28,1.2,27480.44,0.1732,10,mortgage,other,north,1
683,73,29127.66,1.8,31930.1,0.6928,10,mortgage,medical,west,1
515,73,,12.7,12506.57,0.1114,11,rent,debt_consolidation,west,0
366,48,173552.63,22.3,38402.03,0.2494,3,rent,other,north,0
656,48,47024.88,4.3,33296.79,0.1163,15,mortgage,other,south,0
657,62,48252.86,3.7,19575.1,0.0631,13,mortgage,home_improvement,south,0
530,71,,15.5,11447.15,0.3341,3,rent,credit_card,east,0
322,24,49747.15,7.0,35368.1,0.2238,7,rent,medical,north,1
71,64,59236.83,16.4,7182.67,0.0495,10,own,medical,south,0
891,23,61045.26,10.0,21916.47,0.2568,13,mortgage,home_improvement,east,0
372,56,67127.62,13.3,37929.73,0.2459,6,rent,credit_card,north,0
768,45,42552.86,5.4,3026.15,0.0465,9,rent,credit_card,west,0
457,26,41698.7,12.4,6276.0,0.1149,10,rent,credit_card,west,0
248,42,29066.86,3.0,19337.11,0.0749,5,mortgage,other,north,0
612,44,62675.4,6.7,35499.79,0.1188,4,mortgage,debt_consolidation,south,0
706,50,40811.78,19.2,3545.81,0.0347,10,mortgage,other,south,0
980,50,67903.52,1.7,26762.76,0.2028,3,rent,medical,south,0
299,34,26412.68,3.4,39003.24,0.3246,6,own,small_business,west,1
102,29,38644.75,,38139.15,0.7466,5,own,home_improvement,west,1
961,26,50325.53,5.9,39220.49,0.3035,15,mortgage,debt_consolidation,south,0
606,49,27273.68,9.6,29223.46,0.6855,6,mortgage,credit_card,north,1
214,44,32946.64,1.4,11666.14,0.2496,11,mortgage,credit_card,east,1
238,43,39431.57,5.4,2212.28,0.0496,2,rent,medical,north,0
594,74,35494.33,4.8,36053.86,0.114,9,rent,debt_consolidation,west,0
282,46,61514.37,6.1,11038.12,0.1186,12,rent,credit_card,east,0
378,61,24107.08,9.4,11680.09,0.2997,0,mortgage,medical,east,0
287,27,34488.09,4.5,5349.33,0.0656,12,mortgage,credit_card,west,0
389,69,47582.2,1.8,3978.11,0.0533,8,rent,debt_consolidation,south,1
884,27,37071.28,,10183.53,0.0679,5,mortgage,credit_card,east,0
718,46,83813.0,14.9,14661.62,0.0941,8,mortgage,debt_consolidation,south,0
794,65,38114.45,11.4,2022.16,0.0592,4,mortgage,debt_consolidation,west,0
97,31,74093.88,3.1,17602.79,0.0933,11,own,other,east,0
245,54,83941.05,3.6,19560.58,0.2512,7,mortgage,debt_consolidation,west,0
747,48,36721.78,24.7,3637.18,0.0445,10,rent,medical,south,0
77,37,29662.25,5.0,35710.57,1.1325,8,mortgage,credit_card,north,1
934,55,80877.13,7.3,10565.37,0.0148,8,rent,debt_consolidation,south,0
210,63,53787.71,6.5,26470.51,0.1834,7,mortgage,medical,south,0
260,52,69233.41,18.1,20825.42,0.3127,3,rent,debt_consolidation,north,0
159,47,56459.14,4.1,4515.34,0.034,1,mortgage,credit_card,south,0
496,41,70899.91,10.0,11693.89,0.1369,11,rent,credit_card,north,0
527,71,42425.12,0.6,31061.6,0.2778,11,rent,credit_card,south,1
332,39,49652.13,7.5,22249.15,0.1591,8,mortgage,home_improvement,north,0
953,53,,4.3,6515.82,0.0999,14,rent,home_improvement,west,0
315,32,41819.12,2.9,6590.65,0.0832,5,mortgage,medical,north,1
295,49,49849.82,7.9,28981.63,0.52,10,mortgage,debt_consolidation,east,0
382,72,47733.63,0.3,7168.55,0.0333,6,mortgage,credit_card,east,0
921,68,42850.0,10.1,17054.57,0.1556,9,rent,credit_card,east,0
804,71,49761.93,2.9,23697.95,0.2386,3,rent,debt_consolidation,north,0
955,63,,1.3,2898.03,0.0258,6,mortgage,debt_consolidation,east,0
622,45,,0.9,3403.34,0.0316,3,rent,credit_card,east,0
719,31,28648.66,3.1,1476.4,0.0692,8,rent,medical,south,0
60,57,25630.17,14.4,30479.23,0.279,4,mortgage,other,west,1
626,31,25524.76,4.2,14911.02,0.674,14,rent,debt_consolidation,south,0
559,63,61998.7,11.1,19502.23,0.0703,14,mortgage,credit_card,south,0
784,25,42249.68,2.8,17846.68,0.1503,3,rent,credit_card,west,0
381,18,23132.46,12.2,20420.73,0.188,7,rent,credit_card,south,0
55,46,58989.24,8.1,11786.31,0.1197,11,rent,debt_consolidation,west,0
24,71,19091.98,7.3,9805.36,0.1894,2,rent,credit_card,north,0
31,44,40388.71,2.9,15254.63,0.0543,5,own,medical,south,0
877,49,37826.01,11.4,13759.66,0.207,5,rent,other,north,0
430,59,35695.67,16.2,22382.29,0.6477,6,mortgage,medical,east,1
11,48,53091.87,3.4,34908.83,0.3926,13,rent,home_improvement,north,1
817,20,32202.94,2.1,1757.49,0.029,10,rent,medical,east,0
810,75,52319.92,6.7,18124.8,0.0578,0,mortgage,other,south,0
483,32,42041.22,9.4,36493.5,0.3376,15,own,debt_consolidation,north,0
446,56,43903.71,1.1,14847.34,0.1052,6,rent,debt_consolidation,west,0
200,73,,6.8,37186.47,0.1666,5,rent,debt_consolidation,north,0
501,24,23034.4,11.7,22031.76,0.8257,14,rent,medical,south,1
774,59,36037.19,14.9,29925.92,0.6471,5,own,home_improvement,south,0
108,56,51340.64,6.8,22159.22,0.2303,3,own,credit_card,east,0
219,43,41822.25,9.8,1785.63,0.0147,6,mortgage,home_improvement,south,0
421,71,50550.42,0.6,20316.72,0.1001,15,own,debt_consolidation,west,0
175,58,53298.58,4.7,39538.88,0.3449,13,mortgage,debt_consolidation,east,0
721,26,35368.04,4.6,22587.05,0.7028,0,rent,home_improvement,south,1
520,52,45318.31,9.2,4723.85,0.0584,4,mortgage,home_improvement,east,0
454,19,48415.09,0.3,33040.65,0.5558,8,rent,other,west,0
930,51,39360.29,5.6,12712.47,0.1794,3,rent,home_improvement,north,0
40,54,32417.18,3.4,22865.46,0.2239,5,rent,credit_card,north,1
552,40,,6.8,34382.86,0.4495,14,rent,medical,east,1
820,75,50112.47,33.1,24226.23,0.1845,3,rent,other,north,0
352,20,26561.09,3.7,26314.96,1.1004,8,own,credit_card,west,0
67,70,33892.99,3.0,13060.74,0.0241,10,mortgage,other,west,0
278,63,61081.13,8.4,14404.69,0.0672,1,mortgage,debt_consolidation,west,0
68,39,59844.91,,8922.83,0.0603,8,own,credit_card,south,0
907,41,29533.36,10.7,39848.96,0.3247,15,rent,debt_consolidation,north,1
915,52,99025.24,5.7,1735.21,0.0096,8,mortgage,medical,south,0
945,25,29631.51,2.2,31053.76,0.4161,15,mortgage,medical,north,0
297,67,56025.11,11.8,28802.57,0.2826,14,mortgage,debt_consolidation,east,0
619,21,72704.45,4.8,30101.07,0.3737,3,rent,debt_consolidation,south,0
599,54,,6.5,36833.12,0.2092,2,rent,debt_consolidation,north,0
905,44,47152.41,9.3,21471.96,0.2188,8,own,debt_consolidation,north,0
849,65,63845.16,4.1,23457.51,0.0876,3,mortgage,credit_card,north,1
424,51,36453.46,15.6,24876.71,0.2603,7,rent,debt_consolidation,east,0
758,40,57807.35,3.6,10137.53,0.0484,3,rent,medical,south,0
313,24,50741.61,6.9,6206.34,0.0931,7,mortgage,debt_consolidation,north,0
185,46,24148.66,11.9,37655.01,0.6102,11,mortgage,home_improvement,south,0
333,35,36191.29,9.5,26757.98,0.2838,0,rent,debt_consolidation,west,0
89,62,51117.49,5.4,31836.27,0.04,5,rent,debt_consolidation,east,0
64,74,44689.92,6.2,34507.96,0.9596,8,mortgage,debt_consolidation,east,1
831,32,61484.88,9.5,21853.95,0.09,8,rent,credit_card,west,0
577,71,56812.3,2.8,34540.25,0.1841,11,rent,debt_consolidation,east,0
216,33,18086.95,12.6,9058.56,0.5299,13,mortgage,debt_consolidation,west,1
605,65,41197.96,5.3,4150.1,0.0522,13,rent,debt_consolidation,west,0
549,47,69886.95,7.2,20862.71,0.2171,12,mortgage,home_improvement,east,0
291,64,81667.34,0.7,1075.26,0.007,6,own,other,east,0
788,57,60617.59,1.0,7459.69,0.0443,14,mortgage,debt_consolidation,south,0
888,29,73780.61,2.1,2579.46,0.0191,0,rent,credit_card,north,0
965,73,54490.38,4.4,3749.09,0.0948,6,rent,debt_consolidation,north,0
943,70,83797.83,,10140.3,0.0064,11,mortgage,debt_consolidation,north,0
742,62,55728.18,1.7,29916.43,0.19,13,mortgage,medical,west,0
979,38,51696.07,6.3,7255.48,0.0388,9,own,home_improvement,west,1
695,23,22293.91,4.5,1286.58,0.0332,4,rent,other,south,1
991,37,71027.34,10.7,33033.59,0.1034,6,own,debt_consolidation,south,0
310,24,31568.62,11.0,25183.16,0.4645,3,rent,medical,east,0
87,23,32677.17,9.9,12553.93,0.0818,2,own,home_improvement,west,0
729,46,51404.38,6.7,1119.38,0.0103,9,rent,medical,west,0
517,69,50664.16,5.1,22829.19,0.1333,4,mortgage,other,south,1
311,56,29584.89,8.3,13131.49,0.3271,0,mortgage,credit_card,west,0
537,44,,6.7,35594.52,0.361,13,rent,home_improvement,north,0
137,52,50985.23,23.2,34190.44,0.3398,10,mortgage,debt_consolidation,north,1
922,51,42733.37,4.8,8320.92,0.1425,3,rent,credit_card,south,1
466,74,55562.68,,27092.46,0.3524,8,mortgage,debt_consolidation,east,0
846,18,47949.96,2.0,36176.23,0.4623,11,own,other,north,0
262,27,28594.71,6.6,28512.52,0.9678,5,rent,other,south,0
487,37,33179.09,0.6,17366.69,0.0754,12,mortgage,credit_card,north,1
169,37,38107.6,,19119.5,0.2259,10,mortgage,home_improvement,south,1
829,68,42484.49,3.2,11023.78,0.1414,5,rent,debt_consolidation,east,1
448,73,44911.68,4.1,22299.44,0.4297,9,mortgage,other,east,1
140,43,38075.75,2.2,32174.83,0.7831,13,mortgage,other,south,0
740,70,47740.26,5.4,22487.61,0.308,3,mortgage,credit_card,east,0
665,52,60990.79,25.9,14270.07,0.092,9,rent,other,west,0
854,31,52029.68,3.7,12769.63,0.1249,3,mortgage,debt_consolidation,south,0
441,74,36049.43,1.3,26426.53,0.2543,1,mortgage,debt_consolidation,north,0
430,59,35695.67,16.2,22382.29,0.6477,6,mortgage,medical,east,1
532,27,35277.58,17.2,34742.15,0.4436,11,own,debt_consolidation,north,1
56,20,33894.02,7.0,2178.19,0.0484,7,mortgage,medical,south,0
121,43,36109.36,6.3,13919.79,0.4994,11,rent,debt_consolidation,east,1
529,71,,10.5,30946.44,0.3446,0,mortgage,debt_consolidation,east,1
26,55,125874.97,2.5,13772.97,0.0441,5,mortgage,credit_card,east,0
73,44,105566.16,2.8,35299.21,0.2229,12,mortgage,debt_consolidation,north,0
45,21,35407.86,1.8,5149.16,0.0094,11,rent,medical,east,0
250,20,51495.18,8.7,18154.28,0.0822,12,rent,credit_card,north,0
395,59,23704.52,11.4,4406.25,0.0752,3,mortgage,credit_card,east,0
913,39,54094.32,,34391.61,0.2811,2,own,home_improvement,south,1
899,22,,5.6,34713.56,0.2476,3,rent,medical,south,0
746,39,60390.36,16.7,37649.09,0.2171,5,rent,debt_consolidation,south,0
199,37,41670.46,7.1,21467.64,0.208,5,rent,debt_consolidation,north,0
815,63,66275.99,3.3,32122.31,0.1678,7,rent,home_improvement,south,0
356,75,43654.47,9.1,8240.65,0.0239,8,rent,medical,west,0
324,71,80152.13,,32975.52,0.1193,9,mortgage,credit_card,south,0
875,58,56462.57,6.7,17415.56,0.1699,7,mortgage,debt_consolidation,west,0
826,23,28392.38,,3039.0,0.0708,5,rent,credit_card,south,0
236,59,,4.8,25482.33,0.2541,5,mortgage,credit_card,west,0
579,69,57307.03,2.5,25911.47,0.1975,4,mortgage,medical,west,0
946,24,61042.27,2.9,13367.71,0.2328,9,rent,other,south,0
940,47,42037.24,6.9,22757.58,0.356,4,rent,medical,west,1
904,69,,4.0,21811.18,0.251,3,mortgage,credit_card,north,1
300,19,41500.75,6.8,2533.46,0.0198,11,own,home_improvement,north,0
61,71,36192.56,6.8,14651.69,0.1826,9,rent,medical,east,0
328,20,37166.24,4.3,16068.58,0.164,1,rent,home_improvement,north,0
528,26,,4.3,20512.31,0.2292,12,rent,medical,north,1
600,55,51387.69,2.7,32466.54,0.3827,13,own,debt_consolidation,east,0
542,21,,7.5,19691.66,0.1213,7,rent,debt_consolidation,south,1
650,67,34878.88,3.4,7702.91,0.1558,1,own,home_improvement,south,1
771,55,86024.07,3.9,38135.83,0.0951,12,mortgage,debt_consolidation,west,0
597,51,148199.9,4.3,28277.52,0.0631,11,rent,home_improvement,south,0
543,29,56438.33,11.6,32138.86,0.3451,10,own,home_improvement,east,0
782,54,63897.25,5.9,23962.06,0.0282,7,rent,other,south,0
306,26,44061.34,4.7,26869.3,0.6556,2,rent,medical,south,1
319,72,49483.83,6.3,15600.35,0.0501,3,mortgage,debt_consolidation,south,1
482,66,33484.12,4.1,28113.38,0.2837,2,own,medical,north,1
494,52,31834.42,6.9,18577.04,0.2024,10,rent,medical,south,0
266,51,96241.82,5.5,11830.22,0.0878,8,rent,medical,east,0
111,34,48974.31,19.3,12677.05,0.2575,1,mortgage,debt_consolidation,north,0
469,28,11131.47,6.2,33299.58,1.4355,5,own,credit_card,west,1
737,60,21782.79,6.4,25123.07,0.1889,10,mortgage,credit_card,south,0
526,35,58459.62,5.4,33281.89,0.6562,2,mortgage,debt_consolidation,south,0
257,57,64548.15,12.5,26452.49,0.2199,7,mortgage,medical,north,1
261,64,,5.8,29560.45,0.3296,13,own,credit_card,east,0
545,66,,9.1,29514.44,0.3835,9,rent,debt_consolidation,west,0
406,47,,14.5,17500.37,0.116,2,mortgage,credit_card,east,0
429,19,27007.95,13.2,23040.78,0.2861,9,mortgage,other,west,0
629,47,64217.1,7.5,23134.46,0.2709,11,rent,debt_consolidation,west,1
502,55,51100.99,13.2,25063.89,0.1909,1,rent,credit_card,south,0
433,65,38134.0,12.5,4421.77,0.0613,6,own,other,south,0
732,42,41953.02,6.0,31726.54,0.8437,11,mortgage,home_improvement,south,0
138,19,32726.02,6.2,17823.02,0.0942,6,rent,debt_consolidation,south,0
358,69,100030.11,13.8,24723.73,0.1775,7,mortgage,credit_card,east,0
929,42,55601.21,,5456.26,0.0279,12,mortgage,credit_card,west,0
222,44,30518.7,16.5,25553.83,0.587,6,rent,debt_consolidation,east,0
754,72,55137.53,12.1,32652.27,0.1039,7,mortgage,credit_card,south,0
595,36,48767.04,0.8,29304.26,0.444,5,mortgage,other,west,0
558,68,65833.63,3.3,15936.92,0.1783,10,own,medical,west,0
364,69,50853.02,2.1,12517.78,0.2682,9,rent,debt_consolidation,south,0
524,65,47988.93,20.6,21224.64,0.171,10,mortgage,debt_consolidation,west,0
209,33,37111.78,2.0,22930.85,0.0695,0,mortgage,other,west,0
779,33,36265.58,4.5,30043.43,0.571,6,rent,home_improvement,east,1
335,44,51453.15,13.9,9495.65,0.0596,3,rent,other,south,0
211,33,39892.85,8.0,26307.56,0.5347,11,mortgage,other,east,1
351,48,86795.87,4.9,14364.84,0.023,13,own,other,east,0
79,50,32904.29,4.0,10378.47,0.2255,10,own,medical,south,0
30,43,25041.97,4.8,28086.78,1.102,9,rent,home_improvement,north,1
281,33,57378.75,30.6,22988.43,0.1826,11,mortgage,debt_consolidation,west,0
508,32,,5.9,8271.76,0.0466,2,rent,home_improvement,north,0
653,29,78219.83,6.3,21943.0,0.16,0,rent,debt_consolidation,south,0
947,74,69629.73,8.9,26504.95,0.2595,8,mortgage,medical,west,0
290,45,92782.29,4.4,17080.12,0.1621,5,mortgage,other,north,0
166,65,60737.41,11.1,20949.71,0.1148,13,rent,home_improvement,west,0
762,50,,5.9,35209.84,0.2091,5,own,other,west,0
498,39,25894.09,5.3,13076.43,0.4318,5,own,medical,west,0
463,61,76201.15,5.8,15302.24,0.0455,11,rent,medical,west,1
66,36,48301.51,0.9,9197.51,0.0949,7,rent,debt_consolidation,north,1
142,30,48897.68,10.5,10707.91,0.1304,14,rent,medical,east,0
276,45,31919.02,3.0,2100.56,0.0665,9,rent,medical,north,1
952,35,31354.9,9.7,34761.79,1.5,2,mortgage,debt_consolidation,east,1
583,24,69683.15,6.4,21922.97,0.1169,9,mortgage,credit_card,south,1
465,18,36358.46,2.3,38034.52,0.4679,15,own,credit_card,east,1
669,71,72325.07,6.9,34001.08,0.092,15,mortgage,home_improvement,east,0
320,62,34879.25,4.3,27071.28,0.1732,0,rent,medical,west,1
716,64,30775.66,10.7,28840.57,1.0152,15,mortgage,debt_consolidation,south,1
307,35,40832.41,,21118.52,0.0767,4,rent,credit_card,south,0
308,50,30659.26,2.9,21403.55,0.2025,10,rent,home_improvement,north,0
825,54,19623.48,2.6,15479.94,0.8822,15,own,other,west,1
334,66,38173.59,3.8,17789.59,0.25,5,mortgage,credit_card,east,0
50,63,41665.14,1.1,3410.67,0.051,13,own,credit_card,north,0
731,60,39406.23,7.3,37455.53,0.8627,4,rent,credit_card,east,1
3,55,58722.38,2.9,31394.94,0.1514,6,mortgage,debt_consolidation,east,0
786,52,33790.45,10.1,5634.27,0.1671,12,rent,debt_consolidation,south,0
353,35,38029.45,6.3,20410.19,0.2443,7,rent,debt_consolidation,south,0
909,39,31259.07,10.1,11584.14,0.1364,2,rent,debt_consolidation,north,0
539,49,58923.41,2.5,39863.71,0.5897,2,mortgage,medical,east,0
347,75,47065.94,9.8,20896.49,0.1519,14,own,home_improvement,north,0
1000,47,54783.03,9.2,30993.41,0.1258,6,rent,credit_card,east,0
484,64,47176.81,4.0,8059.38,0.0764,6,mortgage,home_improvement,north,0
661,28,17491.69,7.3,34325.1,1.0384,5,rent,credit_card,north,1
34,50,63288.93,4.3,38607.02,0.1165,15,mortgage,home_improvement,east,1
32,31,45692.29,7.8,7229.8,0.0233,14,rent,home_improvement,north,0
232,67,33230.31,2.3,11913.21,0.247,7,rent,debt_consolidation,east,0
752,26,26676.15,1.3,1972.96,0.0425,2,rent,other,south,0
193,53,,1.9,30562.82,0.0367,5,mortgage,debt_consolidation,south,0
514,65,46001.1,12.2,36302.52,0.0666,4,rent,home_improvement,west,0
4,43,44282.29,,12411.19,0.0845,14,rent,credit_card,north,0
205,44,,8.1,9640.78,0.2532,6,mortgage,home_improvement,west,0
434,25,65588.22,2.7,29129.54,0.1364,0,mortgage,credit_card,east,1
807,49,45597.41,9.9,21238.29,0.5573,4,rent,credit_card,west,0
984,55,69220.56,1.3,23459.21,0.0393,2,rent,other,south,0
110,58,30114.2,0.4,17519.83,0.4133,3,rent,other,west,1
941,58,43485.5,19.1,29243.48,0.5726,0,own,debt_consolidation,west,1
78,31,26645.1,8.4,27498.58,0.3332,1,own,debt_consolidation,east,1
85,54,,4.8,15037.37,0.1317,7,mortgage,debt_consolidation,east,0
589,66,46681.77,8.4,31773.08,0.7168,9,mortgage,home_improvement,east,0
83,27,31678.78,3.8,15819.94,0.3568,13,own,home_improvement,south,1
255,56,49814.63,3.3,27619.83,0.1896,6,mortgage,credit_card,north,0
923,43,37328.89,6.7,30495.98,0.5531,12,rent,debt_consolidation,east,0
409,72,27282.57,22.9,10270.86,0.2199,7,mortgage,debt_consolidation,west,0
654,64,44943.81,0.8,26556.97,0.5084,6,mortgage,medical,west,1
522,26,36425.81,10.2,29387.07,0.108,2,rent,credit_card,west,0
919,32,25121.24,1.1,6095.16,0.1954,2,own,credit_card,south,1
437,50,56931.46,4.4,13280.26,0.1939,7,rent,debt_consolidation,south,0
6,67,36300.86,5.7,13794.77,0.1781,10,rent,other,east,0
405,46,51227.26,10.4,39205.25,0.7186,5,mortgage,medical,west,0
468,52,53921.49,11.6,18495.31,0.3048,8,rent,home_improvement,north,0
98,57,42663.78,,19994.77,0.377,10,mortgage,other,east,1
560,67,34157.05,17.0,10953.15,0.2535,1,rent,debt_consolidation,west,0
360,61,101907.17,5.9,35387.06,0.043,4,rent,credit_card,west,0
873,24,49916.64,7.5,2752.71,0.0168,8,mortgage,debt_consolidation,south,0
267,43,55791.74,1.4,15302.98,0.2828,5,rent,credit_card,east,1
678,22,,16.2,32860.97,0.2478,7,mortgage,debt_consolidation,west,0
383,72,,6.5,17851.53,0.1564,7,rent,credit_card,south,0
694,72,47271.27,6.5,28300.4,0.1202,12,rent,medical,south,0
412,31,37117.13,0.3,18674.49,0.1929,0,rent,medical,east,0
886,60,31369.71,4.5,11866.05,0.2518,9,mortgage,debt_consolidation,north,0
119,32,21896.61,1.5,3372.36,0.0488,9,rent,home_improvement,west,1
431,22,50626.02,,10773.75,0.0536,2,rent,credit_card,west,0
251,28,44561.23,11.4,27738.1,0.7941,7,mortgage,debt_consolidation,west,0
343,54,21963.12,21.6,6415.2,0.0327,10,own,credit_card,west,0
10,23,68166.65,2.0,39909.34,0.6235,3,mortgage,medical,east,1
197,37,52928.64,14.9,37386.22,0.1004,12,own,home_improvement,west,0
880,54,40339.91,,6901.01,0.0489,9,rent,credit_card,east,0
82,43,46229.21,5.1,6014.95,0.0789,13,mortgage,medical,north,1
912,28,34800.4,7.2,20262.48,0.1715,2,mortgage,debt_consolidation,north,0
479,56,,1.8,5632.31,0.0402,4,own,debt_consolidation,east,0
697,59,49990.94,3.3,25005.15,0.11,7,mortgage,credit_card,east,0
240,54,44914.83,4.6,22254.33,0.3547,4,mortgage,home_improvement,north,1
293,73,,5.7,1779.22,0.0219,1,own,medical,north,0
212,59,68680.43,8.5,31356.06,0.1517,3,mortgage,debt_consolidation,west,0
722,72,57129.47,6.9,14426.05,0.1082,9,mortgage,credit_card,north,0
362,69,96638.79,6.3,4554.13,0.0495,10,rent,debt_consolidation,north,0
452,71,76324.81,2.7,34026.52,0.2293,10,rent,medical,east,1
228,51,42446.72,2.6,3402.21,0.0506,12,mortgage,debt_consolidation,west,0
660,34,91062.11,10.5,11270.35,0.0602,13,rent,credit_card,east,0
363,30,42084.68,6.2,35154.09,0.0656,1,mortgage,other,east,1
801,18,17271.68,12.0,12826.7,0.3872,9,rent,home_improvement,west,0
658,54,45042.73,3.7,20842.93,0.4845,5,rent,debt_consolidation,north,0
708,51,59002.85,,24005.82,0.2875,3,mortgage,medical,west,0
645,62,42980.57,,39071.83,0.6338,3,mortgage,credit_card,west,1
582,66,40602.27,1.5,16762.03,0.1827,3,mortgage,debt_consolidation,east,0
937,27,66056.35,5.8,31161.79,0.2258,8,rent,credit_card,east,1
371,37,36636.48,2.6,39574.04,0.3191,4,mortgage,credit_card,west,0
8,58,34319.2,2.1,4385.22,0.0885,14,rent,home_improvement,east,0
156,56,43567.18,,8369.45,0.0877,1,mortgage,medical,east,0
544,28,18903.86,14.8,36436.09,0.6249,10,rent,other,south,1
443,25,34034.29,1.2,19721.21,0.1439,11,rent,other,north,0
821,19,17989.47,7.1,36849.66,1.5,14,mortgage,credit_card,north,1
399,34,43712.62,26.9,15511.06,0.1611,15,mortgage,debt_consolidation,south,0
960,41,34679.93,6.5,11720.21,0.2666,8,mortgage,home_improvement,east,0
569,55,55468.12,4.9,23653.98,0.2501,5,rent,other,south,0
592,70,44600.14,3.2,39448.27,0.3419,9,mortgage,home_improvement,east,0
581,23,79972.96,3.2,1756.84,0.013,12,rent,debt_consolidation,east,0
939,44,45924.14,2.5,29600.45,0.3554,8,rent,debt_consolidation,south,0
696,32,32324.39,8.0,14859.21,0.5063,4,own,debt_consolidation,north,0
867,65,36667.5,10.7,26482.79,0.5868,15,rent,debt_consolidation,west,0
533,27,22297.33,2.5,13401.4,0.0733,1,mortgage,debt_consolidation,west,0
586,71,33295.66,15.0,28566.73,0.5001,6,rent,credit_card,north,0
712,48,41517.15,,23982.22,0.579,0,rent,debt_consolidation,east,0
451,73,57866.46,7.2,13219.69,0.1822,3,mortgage,home_improvement,north,0
856,67,57595.51,2.3,13272.83,0.1259,11,mortgage,medical,north,0
229,49,59590.73,20.4,17804.51,0.2638,7,mortgage,debt_consolidation,north,0
591,64,31984.64,4.9,24858.65,0.64,14,rent,credit_card,west,0
733,71,37631.85,14.8,34291.73,0.7612,9,mortgage,home_improvement,east,0
213,63,22129.71,11.8,17195.98,0.7421,6,mortgage,credit_card,west,0
80,56,45598.39,1.4,17372.61,0.0865,9,own,debt_consolidation,east,0
149,65,21351.45,15.2,7524.36,0.2556,4,mortgage,debt_consolidation,east,0
303,18,62177.77,10.7,37228.27,0.7302,2,own,other,south,0
916,44,57918.0,4.2,18745.85,0.3023,6,rent,debt_consolidation,south,0
329,26,47376.35,5.6,16440.59,0.245,14,rent,credit_card,north,0
928,35,44176.31,13.6,5758.58,0.0287,15,mortgage,credit_card,east,0
345,70,49064.04,5.3,21725.7,0.4234,6,own,debt_consolidation,east,1
546,21,17566.57,22.0,25445.83,0.6219,0,mortgage,credit_card,east,0
507,48,52341.93,,33600.92,0.2717,13,mortgage,credit_card,east,0
134,50,33918.1,3.5,19533.09,0.1561,2,mortgage,credit_card,north,0
553,66,57847.26,2.6,28661.69,0.2878,4,mortgage,debt_consolidation,west,1
312,56,57236.22,6.1,16602.6,0.07,3,mortgage,debt_consolidation,east,0
999,73,95237.0,4.8,27208.61,0.1825,1,rent,debt_consolidation,south,0
568,32,29947.26,13.2,19485.39,0.485,10,mortgage,credit_card,north,0
1,23,79252.39,8.8,16227.41,0.1673,1,mortgage,other,north,0
317,60,71844.01,22.6,28490.07,0.2172,8,mortgage,credit_card,east,0
711,57,69997.06,6.9,18348.59,0.1934,6,rent,debt_consolidation,west,0
550,57,75329.48,11.9,1794.37,0.0256,8,mortgage,credit_card,west,0
618,33,66162.38,4.2,24962.67,0.0566,11,rent,debt_consolidation,east,0
535,51,31469.89,8.2,38090.75,0.6274,5,mortgage,other,east,0
480,24,85962.84,5.2,31776.54,0.0623,6,own,debt_consolidation,west,0
778,24,90682.18,3.9,39173.54,0.0491,9,mortgage,other,east,0
173,62,31863.88,7.9,37186.07,0.5921,15,mortgage,debt_consolidation,west,0
126,50,62574.69,11.0,30576.52,0.093,4,own,medical,north,0
425,42,106471.01,9.3,11287.66,0.0555,10,rent,credit_card,west,0
423,62,89460.48,5.1,7301.57,0.1406,7,mortgage,medical,west,1
555,75,49109.69,1.6,16228.91,0.1821,14,mortgage,medical,west,0
908,28,50054.44,3.3,5181.22,0.021,12,own,home_improvement,east,0
91,43,44085.66,6.9,13559.33,0.307,2,own,home_improvement,north,1
944,45,48946.8,1.3,22479.6,0.0262,8,mortgage,other,south,0
182,26,29859.83,6.9,14142.48,0.4042,1,rent,debt_consolidation,north,1
275,42,,9.4,19328.65,0.0874,15,own,debt_consolidation,south,0
900,53,76043.25,6.5,11927.84,0.0368,3,mortgage,credit_card,west,0
70,45,53127.69,12.6,4234.51,0.0596,3,rent,other,north,0
292,33,48979.28,6.1,38164.22,0.2778,14,rent,debt_consolidation,north,1
132,50,27148.4,7.4,32270.27,0.3399,12,rent,credit_card,north,1
301,39,43400.39,6.4,39488.8,0.6785,12,rent,debt_consolidation,south,0
584,21,32552.48,4.7,18922.34,0.2197,10,mortgage,credit_card,east,0
327,31,26647.84,2.5,34751.84,0.7055,14,own,debt_consolidation,south,1
145,75,40569.49,6.2,37514.86,0.4296,15,mortgage,debt_consolidation,south,1
426,29,39743.1,5.7,7722.32,0.0197,13,rent,credit_card,north,0
585,41,43981.27,3.3,38518.56,0.2225,5,mortgage,debt_consolidation,south,0
136,35,59538.22,9.2,21082.65,0.2311,1,mortgage,debt_consolidation,south,0
667,47,39401.94,2.4,8283.44,0.2081,1,mortgage,home_improvement,east,0
165,42,42690.39,4.0,4309.48,0.1105,6,mortgage,credit_card,north,0
29,49,55358.13,5.4,24499.71,0.1098,7,mortgage,debt_consolidation,south,0
935,43,32511.55,4.8,4306.21,0.0532,12,rent,other,east,0
194,38,63020.91,0.9,38511.49,0.2222,12,own,medical,west,0
995,48,43059.7,4.6,27438.24,0.1031,5,rent,debt_consolidation,south,1
750,27,34581.59,4.5,3742.13,0.0685,2,mortgage,other,north,0
170,19,94462.1,9.4,14408.82,0.1107,2,rent,home_improvement,north,0
491,72,46902.21,5.4,26319.15,0.0908,1,mortgage,credit_card,east,0
141,74,49598.93,5.2,38513.56,0.3172,6,mortgage,credit_card,east,1
174,59,59354.64,6.2,7438.07,0.0998,0,mortgage,home_improvement,north,0
7,22,51349.8,,32433.63,0.4053,2,mortgage,debt_consolidation,south,0
803,47,63058.82,6.4,29085.48,0.2815,8,rent,credit_card,north,0
636,57,73686.63,8.8,1549.69,0.0171,14,rent,home_improvement,north,0
74,25,41592.28,5.8,3234.34,0.0096,10,own,debt_consolidation,south,0
688,52,39586.66,0.4,34636.66,0.6189,4,own,credit_card,east,1
981,52,35207.36,8.3,30446.03,0.9796,6,mortgage,debt_consolidation,west,1
239,35,29535.8,10.2,29194.43,0.6678,13,mortgage,credit_card,north,1
146,67,41388.32,17.4,36369.19,0.2526,9,mortgage,other,east,1
797,74,92082.41,2.1,9777.98,0.1234,3,mortgage,debt_consolidation,west,0
235,46,28741.85,,30972.16,0.6986,14,mortgage,home_improvement,west,1
221,25,38944.19,13.8,26977.88,0.2251,6,rent,credit_card,north,0
478,19,42380.18,0.8,23859.34,0.3423,6,own,debt_consolidation,north,0
837,64,55214.92,0.9,24930.16,0.1799,15,own,debt_consolidation,west,0
133,23,51822.24,,37452.65,0.2557,7,rent,debt_consolidation,west,1
996,54,109553.69,15.1,31833.46,0.1479,0,rent,credit_card,south,0
842,56,46455.03,1.6,6386.08,0.0348,12,mortgage,debt_consolidation,north,0
186,43,24558.55,1.5,38489.16,1.4903,1,rent,medical,east,1
42,61,80531.15,1.2,27225.14,0.2156,13,mortgage,medical,east,0
997,48,26592.88,11.6,34144.48,0.3457,13,mortgage,other,south,0
109,45,88267.83,,30326.07,0.4022,8,mortgage,credit_card,west,0
870,20,38217.91,2.0,14036.66,0.1256,14,own,debt_consolidation,west,0
57,49,73153.1,2.2,32817.5,0.2574,12,mortgage,debt_consolidation,south,0
531,52,83045.93,6.0,23990.75,0.0682,5,mortgage,debt_consolidation,south,0
871,44,56970.16,2.8,6810.14,0.0342,5,own,credit_card,north,0
604,25,45179.01,0.1,20236.55,0.1995,11,rent,other,north,0
865,67,121525.46,1.4,33847.45,0.1363,7,mortgage,debt_consolidation,east,0
25,63,38987.14,2.0,26585.86,0.6548,14,rent,home_improvement,west,1
651,46,41174.01,11.4,15987.96,0.2031,3,mortgage,medical,east,0
449,48,47285.83,3.4,5836.77,0.0275,2,mortgage,credit_card,north,1
534,34,29157.6,8.1,19858.45,0.2932,12,rent,debt_consolidation,north,0
623,27,,12.8,18503.45,0.2017,15,mortgage,debt_consolidation,east,0
753,23,44487.99,4.0,20939.54,0.1432,1,mortgage,credit_card,east,0
931,49,115347.1,6.9,17817.38,0.1927,14,rent,other,north,0
339,29,27514.77,4.6,9086.78,0.1613,3,mortgage,debt_consolidation,west,1
52,29,36278.76,4.0,9449.18,0.0514,4,mortgage,debt_consolidation,north,0
668,67,71525.68,5.4,21699.5,0.1905,6,mortgage,home_improvement,north,0
519,45,63544.64,1.1,36389.19,0.6195,0,mortgage,home_improvement,south,1
925,32,58703.4,7.9,23970.5,0.1523,15,rent,home_improvement,west,1
637,31,37832.81,5.1,14044.05,0.2051,2,own,home_improvement,west,0
265,75,70015.13,2.9,17536.67,0.044,0,mortgage,credit_card,west,0
540,19,49047.51,14.5,6950.06,0.0498,15,own,other,north,1
715,71,105495.93,4.5,19399.64,0.0241,10,mortgage,debt_consolidation,east,0
957,41,15534.45,6.4,39596.68,1.5,3,rent,debt_consolidation,south,1
951,23,29182.07,1.3,26982.47,0.1928,11,rent,credit_card,west,0
878,61,40687.81,7.5,38804.8,0.5933,10,own,credit_card,south,0
450,34,44323.65,4.0,16316.29,0.3438,8,rent,debt_consolidation,west,1
19,66,28400.38,14.0,37486.48,0.8377,2,rent,debt_consolidation,north,0
896,53,57906.21,7.2,25800.85,0.154,8,mortgage,small_business,east,0
486,31,39490.38,2.6,26237.63,0.39,12,rent,credit_card,east,0
571,73,45373.38,5.4,36400.14,0.443,8,own,debt_consolidation,south,0
650,67,34878.88,3.4,7702.91,0.1558,1,own,home_improvement,south,1
368,36,33514.36,1.7,28881.76,0.5549,11,mortgage,debt_consolidation,west,0
84,66,68099.26,8.6,23457.04,0.309,5,mortgage,credit_card,west,0
62,61,52186.63,4.3,16184.03,0.2646,2,rent,other,south,1
440,41,39705.02,4.7,37928.8,0.8292,11,mortgage,home_improvement,north,0
273,26,104025.53,11.6,28543.52,0.1115,11,rent,debt_consolidation,north,0
286,72,50313.87,7.2,8943.88,0.0509,9,own,debt_consolidation,south,0
361,67,48822.54,3.4,9180.67,0.1077,8,own,other,north,0
355,74,35717.2,4.0,3848.61,0.0108,13,mortgage,debt_consolidation,north,0
992,49,,9.8,4083.7,0.0586,9,mortgage,debt_consolidation,west,0
279,21,51498.93,2.1,38020.86,0.9693,12,mortgage,credit_card,west,1
13,60,56431.28,8.4,38099.92,0.3304,15,rent,credit_card,north,1
183,46,39924.64,9.4,26819.93,0.7548,6,mortgage,debt_consolidation,south,0
369,19,64351.92,2.6,3688.62,0.0283,0,mortgage,medical,west,0
495,34,29196.63,10.3,15409.37,0.4278,9,rent,home_improvement,south,0
800,43,73834.17,3.8,36695.81,0.1785,5,rent,other,north,0
224,29,67832.31,,32128.56,0.1029,7,own,credit_card,west,0
576,39,47614.42,0.8,11928.97,0.2003,9,mortgage,debt_consolidation,west,0
704,27,43183.15,5.9,24585.2,0.4305,11,own,credit_card,north,0
588,23,79663.5,7.6,12507.34,0.0255,5,mortgage,credit_card,east,0
548,52,46291.25,2.8,20902.71,0.2402,4,rent,credit_card,south,0
676,60,47359.04,15.0,35619.57,0.3509,14,rent,debt_consolidation,east,0
756,43,45777.87,,5859.8,0.0688,3,rent,other,east,0
177,59,50550.08,5.9,4447.22,0.0674,0,mortgage,medical,north,0
670,25,46600.59,6.2,3755.38,0.0494,6,mortgage,credit_card,west,0
632,36,28216.52,10.8,3775.58,0.0621,4,own,debt_consolidation,south,1
590,66,44651.92,8.1,22666.78,0.2299,2,mortgage,credit_card,south,0
523,29,56863.64,,36697.73,0.4363,1,own,credit_card,east,0
394,52,23370.64,9.6,26420.81,0.121,14,mortgage,credit_card,north,0
164,41,39402.38,5.8,8810.56,0.1093,5,mortgage,home_improvement,south,0
249,63,31810.9,1.6,12322.06,0.197,7,mortgage,other,west,1
639,63,,4.0,9518.04,0.3412,15,mortgage,home_improvement,east,0
890,33,24259.68,4.2,26528.23,0.5462,0,mortgage,home_improvement,south,1
674,23,57701.13,3.5,11881.38,0.1822,4,own,debt_consolidation,north,0
376,23,49458.27,5.6,6059.4,0.1345,7,mortgage,credit_card,south,1
413,34,44917.72,0.5,14246.84,0.0952,12,mortgage,medical,west,0
75,57,41794.85,12.2,9294.31,0.2032,14,rent,debt_consolidation,west,0
114,44,27830.64,0.4,17771.04,0.4921,7,mortgage,credit_card,north,0
573,34,124688.92,5.2,18586.07,0.1469,8,mortgage,debt_consolidation,west,0
644,45,42342.61,5.6,10975.45,0.1408,1,mortgage,home_improvement,west,0
391,61,32820.37,13.4,3136.19,0.0936,10,mortgage,medical,west,0
105,64,106275.75,3.7,2517.52,0.0107,2,rent,debt_consolidation,east,0
115,47,38809.2,5.3,35450.47,0.7809,6,rent,medical,west,0
418,25,52786.24,29.4,10398.11,0.1624,5,mortgage,other,north,0
713,60,63449.63,10.9,21788.58,0.1883,3,mortgage,credit_card,west,0
458,54,67755.19,3.1,37061.36,0.2223,6,mortgage,medical,west,0
410,18,29747.93,7.9,1550.94,0.0203,7,mortgage,other,west,0
93,66,34692.68,5.4,11848.33,0.2381,9,mortgage,credit_card,west,0
954,42,49690.77,8.4,15278.12,0.0769,4,rent,debt_consolidation,east,0
90,66,28837.53,13.0,35254.27,0.4123,4,own,other,east,0
337,73,53554.78,3.1,14494.03,0.1849,13,mortgage,other,south,0
994,43,,1.9,3937.9,0.0604,6,rent,medical,north,0
926,72,53673.33,2.9,21113.48,0.0661,2,rent,credit_card,east,0
938,26,65251.76,9.1,34171.92,0.446,13,own,debt_consolidation,north,0
901,18,13206.02,11.4,31257.4,1.5,5,mortgage,credit_card,south,1
598,63,38383.62,11.3,19888.31,0.1365,13,rent,debt_consolidation,north,0
616,55,88285.64,1.7,32443.03,0.02,4,own,credit_card,west,0
95,70,,4.9,29776.43,0.5885,8,mortgage,debt_consolidation,north,0
12,74,44164.11,7.5,35431.05,0.0827,7,own,medical,east,0
397,20,38736.02,13.1,23668.63,0.1638,6,rent,home_improvement,east,0
536,26,44208.27,9.2,32130.26,0.4398,2,mortgage,small_business,north,1
44,38,80047.29,5.8,8400.96,0.0589,3,own,debt_consolidation,west,0
43,58,43783.64,4.9,26066.46,0.4655,14,mortgage,credit_card,west,0
330,50,42646.11,2.8,12891.54,0.1992,3,rent,other,south,0
168,27,46456.42,10.0,30301.17,0.2325,4,mortgage,home_improvement,north,0
500,42,54480.07,8.7,37005.72,0.3592,13,rent,other,west,0
881,22,63257.58,2.2,7455.73,0.1137,12,mortgage,other,east,0
602,63,56320.09,13.0,6222.71,0.0116,1,rent,medical,north,0
761,28,28936.23,3.0,30875.3,0.2094,0,rent,credit_card,north,1
101,66,31772.48,3.7,14572.51,0.3239,13,rent,debt_consolidation,north,1
427,68,30751.81,1.9,37260.96,0.4865,8,rent,debt_consolidation,south,0
179,70,43093.02,0.6,3278.16,0.0605,10,mortgage,credit_card,west,0
445,47,99258.07,0.7,20924.21,0.087,7,mortgage,home_improvement,north,0
417,74,36106.8,3.9,34222.85,0.3138,8,mortgage,credit_card,south,0
766,63,40900.65,7.6,3665.57,0.0994,0,mortgage,other,south,0
887,21,75495.86,4.3,26268.1,0.1094,8,mortgage,debt_consolidation,west,0
663,20,33831.73,5.3,8635.09,0.2397,1,rent,home_improvement,east,0
178,27,72500.74,1.3,10698.92,0.0535,10,mortgage,credit_card,south,0
396,68,48072.96,8.1,18199.73,0.2183,9,own,home_improvement,east,0
681,59,41162.27,9.2,17493.73,0.3169,13,rent,credit_card,east,0
798,44,52551.56,3.3,19392.51,0.0885,4,mortgage,small_business,north,0
966,52,120542.18,,27647.79,0.0769,4,rent,debt_consolidation,south,0
689,43,39237.33,3.7,9252.5,0.0585,8,rent,credit_card,north,1
384,31,33095.67,8.3,6590.35,0.0875,1,mortgage,credit_card,north,0
962,41,26385.27,12.1,10837.78,0.2774,9,own,debt_consolidation,south,1
617,32,53978.8,4.0,5126.77,0.0934,10,mortgage,debt_consolidation,south,1
258,23,22121.81,2.1,24717.03,0.2682,9,mortgage,debt_consolidation,east,0
336,64,41173.39,9.0,34806.84,0.0554,7,mortgage,credit_card,west,0
16,63,25163.75,8.7,6070.97,0.0157,3,mortgage,credit_card,north,0
634,40,46820.55,17.9,27696.55,0.3009,2,rent,credit_card,south,0
325,74,74720.53,28.6,20940.93,0.1187,6,rent,other,west,0
763,73,40364.68,1.6,21263.86,0.2698,0,mortgage,credit_card,north,0
223,58,46079.27,2.0,37491.66,0.5688,2,rent,debt_consolidation,south,0
180,47,24383.77,2.1,31811.16,0.9253,2,mortgage,other,south,0
989,32,21956.35,3.9,34098.08,0.2985,13,rent,other,north,0
23,28,23771.9,9.1,8759.31,0.16,3,rent,debt_consolidation,north,0
357,26,79415.43,,8444.52,0.0182,2,mortgage,credit_card,south,0
671,73,70655.08,12.3,2188.76,0.0116,10,rent,credit_card,north,0
866,58,,,38972.9,0.7804,9,rent,home_improvement,south,0
341,54,83129.6,8.3,21927.99,0.0915,7,mortgage,home_improvement,west,0
432,60,58734.77,26.4,18658.1,0.1577,3,mortgage,credit_card,south,0
830,19,25879.94,8.7,31234.1,0.878,3,mortgage,home_improvement,north,0
838,29,,6.7,9909.02,0.1869,0,rent,medical,north,1
204,58,39953.53,3.6,28227.64,0.8558,7,rent,credit_card,south,0
635,28,,10.0,8087.45,0.108,14,rent,debt_consolidation,south,0
94,40,,6.5,3080.05,0.0372,5,rent,other,south,0
967,52,85651.47,3.4,1063.6,0.0022,3,mortgage,other,south,0
69,22,56718.92,12.9,13388.55,0.1429,4,rent,credit_card,north,1
627,37,32509.26,6.4,18524.8,0.4522,11,rent,home_improvement,west,0
285,43,23146.47,1.4,15454.5,0.2175,0,rent,credit_card,east,0
809,40,62956.32,1.8,15014.22,0.2459,7,rent,credit_card,east,0
435,43,72727.24,2.1,9646.19,0.0728,5,mortgage,credit_card,east,0
154,35,39101.4,11.7,18207.4,0.3937,7,rent,other,east,0
76,45,33992.87,11.4,36425.48,0.1191,14,mortgage,credit_card,east,0
735,30,25188.06,11.8,33145.32,1.2355,14,rent,debt_consolidation,south,0
447,36,52669.28,2.7,25974.63,0.1062,6,mortgage,other,north,0
189,31,16375.73,6.6,31904.58,0.2939,11,rent,credit_card,east,1
272,19,27698.17,9.8,18063.92,0.2622,8,rent,home_improvement,south,0
237,56,61363.58,8.3,21995.45,0.1531,4,rent,debt_consolidation,east,0
488,48,66597.46,10.0,7817.94,0.0309,14,mortgage,home_improvement,west,0
118,26,,1.6,27687.93,0.2029,4,own,debt_consolidation,south,0
823,25,59344.21,5.3,35125.91,0.5987,15,rent,home_improvement,west,0
513,66,80443.33,5.5,27783.4,0.2379,10,own,debt_consolidation,south,0
799,36,40704.09,8.9,33838.76,0.3008,3,rent,debt_consolidation,west,0
596,64,80340.7,2.3,5968.06,0.0573,5,mortgage,medical,west,0
127,22,51741.49,5.0,39697.64,0.5389,13,own,credit_card,west,0
117,20,60253.58,3.8,23388.16,0.4755,5,mortgage,credit_card,east,0
474,45,34530.88,3.7,32203.04,0.5096,10,mortgage,medical,west,0
698,52,53565.02,1.9,6060.53,0.0961,10,mortgage,medical,west,0
58,26,16784.86,12.6,7881.95,0.5207,5,rent,credit_card,east,1
679,48,26966.06,6.4,27748.82,0.3799,3,rent,home_improvement,east,0
917,49,42850.48,4.7,25104.88,0.414,6,rent,medical,south,0
370,62,41544.18,5.7,24140.26,0.1835,10,mortgage,medical,north,0
269,53,33211.88,,24550.72,1.0762,6,mortgage,credit_card,east,1
47,43,47741.22,,24355.48,0.2211,1,rent,medical,south,0
350,27,51202.28,5.1,11278.44,0.133,8,rent,other,east,0
196,23,120022.59,1.1,33608.52,0.1688,11,mortgage,debt_consolidation,west,0
712,48,41517.15,,23982.22,0.579,0,rent,debt_consolidation,east,0
893,48,25249.44,11.7,33311.38,0.4917,1,rent,debt_consolidation,north,1
741,65,79536.41,5.0,3293.24,0.0389,6,rent,debt_consolidation,south,0
264,71,50483.93,8.3,12048.93,0.125,9,mortgage,debt_consolidation,south,0
444,46,42763.36,12.5,36302.27,0.6399,9,rent,home_improvement,north,0
680,72,32164.98,2.7,20961.07,0.3731,5,own,other,east,0
305,49,50769.28,3.2,6555.86,0.1012,5,rent,other,north,0
342,34,27871.04,9.0,33317.27,1.2167,6,mortgage,debt_consolidation,west,1
603,60,48468.82,5.1,3714.83,0.0278,1,rent,credit_card,east,1
972,42,43318.71,4.1,29240.18,0.6384,5,mortgage,home_improvement,north,0
150,21,85381.15,6.3,39023.55,0.4163,10,rent,home_improvement,north,0
125,67,59240.74,1.4,34836.32,0.5621,12,rent,home_improvement,south,0
791,23,79809.64,3.8,29220.2,0.2386,12,rent,credit_card,north,0
827,57,76738.95,3.0,29957.08,0.1256,9,mortgage,credit_card,west,0
51,62,33718.2,11.2,33062.96,0.673,6,rent,debt_consolidation,west,1
354,43,33761.05,12.2,4635.51,0.0955,14,mortgage,medical,north,1
932,58,26779.69,,12643.15,0.3071,6,rent,credit_card,east,1
143,34,34448.17,30.0,28675.16,0.3782,1,rent,credit_card,east,0
471,60,56382.63,10.4,12428.47,0.1327,7,rent,debt_consolidation,south,0
400,35,48622.52,3.8,3801.56,0.0758,13,rent,credit_card,south,1
630,39,83060.4,10.7,8235.44,0.0261,7,own,credit_card,west,0
321,36,28965.15,2.9,32703.31,0.1687,8,mortgage,credit_card,north,1
20,44,79422.04,5.0,1156.12,0.0173,15,mortgage,credit_card,north,0
814,34,49148.47,7.7,31353.8,0.4047,11,rent,other,south,1
834,26,54884.36,1.9,20915.76,0.0503,12,own,medical,east,0
882,67,26439.08,16.6,26682.57,0.5019,6,own,debt_consolidation,east,1
408,26,16139.91,4.6,13619.36,0.1514,10,rent,credit_card,south,0
538,24,37370.03,7.7,16024.64,0.2203,1,rent,home_improvement,west,1
868,66,68527.18,8.7,26757.64,0.5009,6,rent,debt_consolidation,east,0
39,34,87615.05,2.0,27069.3,0.1991,11,mortgage,debt_consolidation,west,0
176,44,32424.47,2.6,13749.86,0.134,4,rent,debt_consolidation,north,0
246,22,48217.26,4.8,25215.95,0.2662,2,mortgage,small_business,east,0
833,44,,3.5,1087.17,0.0043,4,rent,other,south,1
738,37,27877.4,3.0,3297.7,0.0212,3,rent,other,east,1
759,25,83688.07,12.0,29478.34,0.0459,5,mortgage,credit_card,east,0
906,59,77479.47,6.5,34166.82,0.2208,14,mortgage,medical,south,0
155,43,40444.52,5.8,9236.56,0.0926,2,mortgage,credit_card,east,0
288,51,28683.11,11.4,5675.29,0.1951,6,mortgage,credit_card,south,0
614,40,34674.94,5.1,4992.13,0.0427,7,mortgage,debt_consolidation,north,0
570,51,29073.14,3.6,1246.66,0.0196,6,rent,other,north,1
969,71,39251.73,20.2,10764.69,0.2373,6,rent,debt_consolidation,south,0
18,25,19385.21,6.8,9581.88,0.2424,3,rent,debt_consolidation,north,0
128,62,26237.54,,30420.08,0.7161,7,rent,credit_card,north,0
323,53,53964.19,7.4,22333.63,0.3578,9,rent,debt_consolidation,east,1
256,26,60073.78,7.0,26066.29,0.0153,14,rent,debt_consolidation,north,0
985,52,47108.52,12.3,12834.27,0.1083,1,rent,credit_card,north,0
970,20,37065.66,6.1,30098.07,0.5292,4,mortgage,debt_consolidation,north,1
191,57,52208.19,7.0,28473.87,0.2753,15,mortgage,home_improvement,west,0
116,50,37752.77,6.4,10518.45,0.2528,0,mortgage,home_improvement,south,1
621,43,,,8412.37,0.1094,0,rent,credit_card,west,0
607,36,24357.66,2.0,22541.98,0.74,10,rent,debt_consolidation,west,1
181,72,48458.89,9.4,20989.56,0.2612,0,own,debt_consolidation,west,0
302,65,97920.46,6.3,34126.27,0.3489,10,own,credit_card,east,0
889,18,63969.71,0.6,20330.51,0.2112,1,mortgage,debt_consolidation,north,0
717,48,32211.29,,39895.12,0.2686,14,mortgage,home_improvement,south,1
850,53,23598.58,12.8,23127.06,0.8997,3,mortgage,medical,west,1
690,63,31489.28,7.8,2640.59,0.0331,12,rent,medical,north,0
666,58,56616.73,,6843.48,0.0821,14,rent,debt_consolidation,west,0
518,21,45087.4,2.7,12927.65,0.0348,6,own,credit_card,east,0
990,63,49721.74,11.4,8435.07,0.0998,2,mortgage,credit_card,west,0
46,74,86127.55,11.8,38640.54,0.1386,1,rent,debt_consolidation,south,0
914,74,26171.18,4.7,31051.81,0.4862,5,mortgage,home_improvement,east,0
158,50,58093.87,5.2,20919.5,0.2573,9,mortgage,credit_card,north,0
818,24,26720.5,12.1,11652.2,0.0713,9,own,home_improvement,east,0
172,23,87772.15,6.1,11847.72,0.0427,4,rent,credit_card,south,0
17,47,,0.7,20547.16,0.436,6,mortgage,credit_card,south,0
512,61,97311.14,19.2,25250.05,0.3031,6,rent,credit_card,north,0
49,57,87995.56,3.2,23971.81,0.0814,2,mortgage,credit_card,south,0
977,23,44567.63,7.0,11695.3,0.0785,9,own,debt_consolidation,south,0
845,18,,2.9,13016.95,0.0039,13,own,medical,north,0
516,24,59553.97,7.0,26691.6,0.5029,6,rent,credit_card,south,0
828,70,19897.7,4.7,6875.46,0.1147,9,mortgage,credit_card,west,0
481,34,46652.43,3.2,11971.29,0.0765,13,rent,debt_consolidation,east,0
284,46,52306.79,3.5,19214.65,0.333,4,rent,medical,west,0
723,67,,8.0,37659.32,0.2546,7,own,home_improvement,north,0
685,27,30484.89,8.8,39931.98,0.685,5,rent,small_business,north,1
226,35,30841.92,0.5,6364.7,0.0616,8,mortgage,other,west,0
27,41,53730.36,15.7,24985.95,0.3845,0,own,home_improvement,west,0
787,19,56344.7,2.8,20969.64,0.0326,4,mortgage,credit_card,west,0
438,71,82647.58,8.4,36192.43,0.4914,13,rent,debt_consolidation,east,0
976,31,116682.94,15.2,10462.39,0.0229,8,own,credit_card,west,0
365,24,50189.36,6.5,17591.48,0.1296,11,rent,medical,west,0
230,28,43249.12,7.0,16220.09,0.0904,15,own,home_improvement,west,0
38,66,68035.14,6.5,33585.01,0.4647,11,mortgage,debt_consolidation,west,0
971,35,54686.14,,31020.26,0.6316,6,rent,debt_consolidation,east,1
375,69,,1.2,13305.93,0.1203,0,mortgage,home_improvement,north,0
470,72,27119.95,2.5,34136.63,1.2217,11,rent,credit_card,north,0
973,45,38995.26,3.7,1954.85,0.0193,3,rent,debt_consolidation,south,0
855,34,96747.46,5.6,2593.93,0.0093,15,rent,home_improvement,south,0
709,45,43067.59,18.6,32573.59,0.6496,6,mortgage,debt_consolidation,east,0
844,20,46886.74,1.6,2163.45,0.0317,10,rent,credit_card,east,0
195,73,55727.34,18.4,4314.02,0.006,5,mortgage,medical,west,0
859,56,43173.32,11.6,5275.78,0.1166,1,own,credit_card,east,0
869,43,43371.23,9.9,21591.21,0.552,9,mortgage,other,north,1
504,68,55659.47,11.0,7947.23,0.0541,0,rent,debt_consolidation,south,0
975,26,41244.24,19.7,39615.68,0.9076,15,rent,medical,north,0
835,67,99742.2,9.5,12893.27,0.0381,10,rent,debt_consolidation,north,0
580,23,40212.99,8.1,10706.31,0.2813,8,rent,medical,west,0
974,45,83070.56,1.2,28445.73,0.077,7,mortgage,other,south,0
163,41,48283.88,0.7,13073.3,0.0675,15,rent,credit_card,west,0
707,18,49467.01,0.4,3921.95,0.0933,8,mortgage,debt_consolidation,east,0
153,71,25308.05,1.2,32036.01,0.1133,6,mortgage,debt_consolidation,west,1
686,64,128958.02,3.3,19661.99,0.187,11,rent,credit_card,north,0
705,25,24603.82,8.7,4289.45,0.1118,15,mortgage,home_improvement,south,0
760,60,,15.6,38035.78,0.5162,0,mortgage,debt_consolidation,east,0
112,63,98648.29,7.1,2847.99,0.005,0,rent,credit_card,south,0
227,64,59283.62,0.9,22998.8,0.1528,14,rent,credit_card,west,0
693,72,34255.85,7.3,12275.03,0.1323,10,mortgage,medical,east,1
104,18,57512.57,5.2,15875.0,0.2734,11,rent,credit_card,north,0
422,58,44518.35,10.3,6946.19,0.0436,3,mortgage,debt_consolidation,west,0
420,47,53467.75,15.4,8181.43,0.0293,2,rent,medical,west,0
755,50,34095.46,9.9,5969.64,0.1036,9,rent,other,east,0
587,57,56094.73,8.3,39831.12,0.3728,14,rent,other,west,0
785,45,43502.13,6.8,12076.23,0.0472,12,mortgage,home_improvement,west,0
673,54,,2.3,38291.31,1.0399,11,rent,debt_consolidation,west,1
120,24,,19.6,6970.91,0.0535,15,mortgage,debt_consolidation,east,0
54,45,25239.07,3.1,21840.76,0.2979,10,rent,credit_card,west,1
152,34,37524.04,13.2,29264.71,0.2838,14,rent,other,north,0
404,74,,13.8,39854.34,0.7191,11,mortgage,credit_card,south,0
950,34,39608.21,3.2,4512.15,0.0394,2,rent,debt_consolidation,east,0
208,74,41527.44,5.3,6987.35,0.1639,11,own,credit_card,east,0
659,22,42843.46,10.1,29002.23,0.4056,1,rent,medical,east,1
848,20,40359.91,4.9,15508.15,0.2101,6,mortgage,credit_card,west,0
836,63,,6.0,8032.15,0.2244,2,rent,home_improvement,south,0
9,29,57630.01,2.0,2731.49,0.015,13,rent,home_improvement,south,0
812,68,41765.41,8.7,30504.12,0.4995,13,mortgage,debt_consolidation,south,1
37,67,37483.62,5.2,18585.7,0.1531,5,own,home_improvement,west,0
453,46,89751.76,7.2,15774.86,0.2055,13,own,medical,east,0
652,55,36077.02,2.4,34858.04,1.2432,7,rent,home_improvement,south,0
254,37,49926.22,22.6,12036.2,0.1218,9,rent,home_improvement,south,0
304,69,48622.08,7.1,10936.12,0.2324,0,mortgage,credit_card,north,0
751,73,32975.65,9.5,1711.01,0.0142,11,own,home_improvement,east,0
572,42,47204.82,2.5,3772.41,0.0393,3,rent,home_improvement,north,0
624,42,29534.36,,8896.93,0.1168,8,rent,home_improvement,east,0
714,62,103258.12,7.2,27834.41,0.2744,9,mortgage,credit_card,east,0
724,24,32828.85,12.9,25470.4,0.4447,12,rent,home_improvement,west,0
263,35,21579.98,3.3,10214.44,0.2974,6,mortgage,medical,south,1
611,66,48208.75,13.8,5581.71,0.0298,15,rent,debt_consolidation,west,0
298,43,46400.4,5.4,19081.4,0.5987,14,mortgage,debt_consolidation,east,0
415,19,66637.12,2.6,28927.9,0.1425,14,rent,credit_card,south,0
151,67,134438.84,2.4,10945.68,0.0154,13,rent,medical,south,0
793,59,54550.97,2.6,35955.12,0.5003,10,own,debt_consolidation,east,1
641,56,46911.02,3.3,24524.98,0.3479,5,mortgage,medical,west,0
894,74,48578.4,12.2,38835.32,0.5204,0,own,home_improvement,west,0
551,64,51649.38,14.8,20618.79,0.0939,1,mortgage,other,north,0
802,35,20414.38,6.0,7015.5,0.0935,10,rent,home_improvement,south,0
489,62,48204.84,18.5,2133.79,0.0209,2,rent,debt_consolidation,south,0
148,31,28847.96,6.8,23586.97,0.601,2,mortgage,other,south,0
147,20,76501.36,7.3,23367.51,0.1532,7,rent,home_improvement,north,0
897,47,49107.45,8.7,31826.12,0.4072,4,mortgage,home_improvement,north,0
936,72,118084.53,1.4,17138.19,0.1931,1,rent,debt_consolidation,east,0
744,33,30718.2,16.3,36894.13,0.129,3,rent,credit_card,east,0
660,34,91062.11,10.5,11270.35,0.0602,13,rent,credit_card,east,0
349,28,15414.88,6.7,20386.54,1.0563,5,mortgage,credit_card,south,1
464,42,50756.37,1.3,28983.26,0.6471,8,mortgage,debt_consolidation,north,1
326,31,41536.36,3.1,19506.67,0.3163,13,own,debt_consolidation,north,0
187,27,53097.79,,27546.67,0.4142,12,own,credit_card,east,0
124,45,35537.43,5.7,29633.61,0.0615,3,mortgage,small_business,west,1
858,21,138441.87,,36567.52,0.1062,3,rent,credit_card,south,0
609,74,44316.05,6.6,11912.04,0.1482,5,rent,other,south,0
144,41,54533.16,4.5,30519.86,0.1257,1,mortgage,debt_consolidation,west,0
964,30,41216.1,19.1,12066.57,0.223,5,rent,home_improvement,east,0
198,24,50664.97,6.3,9821.37,0.0884,15,mortgage,home_improvement,south,1
610,67,38732.08,2.2,21246.49,0.4419,3,rent,medical,east,1
280,22,,1.9,13640.84,0.1664,5,rent,debt_consolidation,west,0
294,37,44793.12,0.5,17324.86,0.1072,5,mortgage,home_improvement,north,0
401,75,70478.47,3.9,9585.11,0.0259,2,mortgage,debt_consolidation,west,1
123,55,36860.11,6.0,18122.37,0.6002,3,rent,credit_card,north,1
184,58,45648.03,3.2,25595.21,0.3793,2,own,debt_consolidation,east,0
203,46,37262.28,,14611.16,0.3545,4,mortgage,credit_card,south,1
439,22,19856.8,,32062.2,0.7664,15,own,medical,north,0
247,61,64006.58,4.6,17135.95,0.156,1,rent,debt_consolidation,south,0
416,57,36447.77,7.1,14927.51,0.157,15,own,debt_consolidation,east,0
781,68,50093.32,6.6,19538.0,0.1187,0,mortgage,credit_card,south,0
983,49,55238.62,14.9,22596.72,0.4535,7,own,medical,west,1
911,62,85468.32,10.1,19677.82,0.204,3,own,medical,north,0
864,62,32660.72,1.7,1790.09,0.0382,7,rent,credit_card,south,0
892,59,55235.22,,10275.58,0.0502,13,rent,home_improvement,east,0
130,54,31679.05,1.7,33462.29,0.7689,13,rent,credit_card,south,1
638,35,51224.1,27.7,6959.72,0.1195,11,mortgage,credit_card,west,0
403,36,28005.37,,39627.24,0.4918,11,own,home_improvement,south,1
789,49,58302.94,12.0,24030.96,0.0843,1,rent,credit_card,west,0
775,67,38287.89,2.5,10468.38,0.1398,11,rent,credit_card,west,0
736,56,24489.19,5.7,22482.43,0.2431,15,own,debt_consolidation,west,1
918,63,59559.84,8.3,18955.43,0.1301,3,own,credit_card,south,0
220,70,74626.41,4.2,7140.46,0.0604,10,mortgage,debt_consolidation,east,0
642,71,37160.7,12.1,7881.85,0.1085,14,rent,debt_consolidation,south,0
920,54,,10.0,16501.49,0.0386,15,rent,credit_card,west,0
757,60,59082.75,6.4,23173.33,0.0539,3,mortgage,other,north,0
811,20,35339.43,8.7,8033.34,0.0672,5,mortgage,medical,west,0
924,26,34026.04,2.6,13534.63,0.1513,13,own,credit_card,east,0
625,53,61373.03,9.9,28271.56,0.3318,9,own,debt_consolidation,west,1
843,70,28264.75,3.1,10237.56,0.3496,10,mortgage,small_business,south,0
765,38,45941.7,8.8,8133.22,0.0163,9,mortgage,other,east,0
387,21,35938.85,9.2,21353.6,0.6924,12,rent,medical,south,0
978,51,95745.33,4.9,32727.54,0.4057,15,mortgage,other,east,0
510,31,63102.21,4.9,13605.08,0.159,14,rent,medical,south,0
268,38,38512.83,0.2,16247.46,0.2483,2,rent,debt_consolidation,west,0
824,55,42446.59,7.0,7373.74,0.0518,7,rent,debt_consolidation,north,0
442,35,,9.5,26853.94,0.6897,6,own,debt_consolidation,north,0
497,24,,12.3,29441.58,0.427,2,own,medical,south,0
113,50,25085.96,5.1,1966.34,0.0179,0,rent,home_improvement,west,0
692,64,45758.46,12.7,34412.73,0.4612,10,rent,medical,north,0
233,19,,1.9,27747.39,0.4175,12,mortgage,credit_card,south,0
874,25,97923.79,1.6,33155.6,0.2005,14,rent,debt_consolidation,north,0
608,47,59490.14,6.1,33599.52,0.6852,15,rent,debt_consolidation,north,1
672,53,51733.81,9.8,19141.56,0.3756,2,mortgage,medical,west,1
374,39,50175.07,8.4,16442.72,0.3216,0,mortgage,debt_consolidation,west,0
987,53,28121.2,0.5,7347.24,0.1304,14,rent,credit_card,west,1
847,27,22873.57,12.0,33423.12,0.5547,13,own,credit_card,west,0
234,61,43824.45,3.6,33796.83,0.3394,5,rent,debt_consolidation,south,0
790,18,82308.35,2.1,7618.18,0.0437,14,rent,credit_card,west,0
677,51,83992.57,7.0,12042.27,0.1699,10,rent,debt_consolidation,west,0
318,60,70880.05,8.0,21683.46,0.1559,1,rent,debt_consolidation,south,0
649,73,24377.5,4.7,3619.35,0.0851,12,own,debt_consolidation,west,1
411,28,34586.49,12.7,4714.11,0.0397,13,mortgage,home_improvement,east,0
903,30,40868.62,9.6,12247.08,0.1723,12,rent,home_improvement,east,0
710,45,85361.5,11.0,16715.55,0.1959,13,own,debt_consolidation,south,0
359,23,37263.89,,7934.76,0.2089,10,mortgage,credit_card,east,0
259,28,17959.3,9.1,38404.97,1.1683,1,rent,debt_consolidation,west,1
745,64,58486.42,14.6,4968.97,0.0693,1,own,credit_card,north,0
628,39,76837.34,1.9,5425.91,0.0246,12,rent,home_improvement,east,1
633,43,41179.05,3.2,39059.89,0.4202,14,mortgage,debt_consolidation,south,1
283,56,60175.66,3.9,25184.39,0.2064,4,rent,medical,west,0
377,60,55792.99,2.3,28097.13,0.5116,15,rent,debt_consolidation,north,0
385,19,60615.4,9.0,38200.15,0.4365,12,rent,medical,south,1
225,59,32949.46,6.3,23142.49,0.4455,3,own,debt_consolidation,east,1
959,74,75341.51,6.4,14865.24,0.0756,4,rent,debt_consolidation,east,0
948,25,56884.43,2.6,19777.74,0.2031,0,mortgage,other,south,0
473,43,28947.3,10.0,16409.5,0.1781,7,rent,small_business,south,0
348,72,77952.84,2.4,2404.97,0.0252,14,rent,medical,south,0
506,44,26614.46,6.9,30827.7,0.4027,1,rent,debt_consolidation,south,0
640,73,57910.52,2.4,35037.26,0.5384,9,mortgage,credit_card,south,0
993,29,17993.19,6.2,20079.93,0.3112,6,rent,home_improvement,west,1
933,32,74626.37,6.0,30764.3,0.2263,7,rent,home_improvement,west,0
910,23,32422.52,4.5,14946.33,0.2199,3,rent,credit_card,east,0
620,26,69858.99,14.7,30292.17,0.198,7,mortgage,other,south,0
860,64,35707.82,6.2,18864.28,0.2914,4,mortgage,debt_consolidation,north,1
808,24,101751.79,5.2,26482.41,0.0714,1,rent,medical,east,0
646,37,93503.38,5.4,2277.53,0.0219,10,rent,debt_consolidation,east,0
851,74,33624.42,12.4,33320.76,1.1019,9,rent,other,south,1
557,60,38425.89,,2305.86,0.0212,13,mortgage,credit_card,north,0
963,66,84601.63,7.7,29302.63,0.0588,0,rent,debt_consolidation,north,0
578,48,48090.22,3.6,16458.03,0.1335,8,mortgage,credit_card,west,0
796,35,,3.0,13484.09,0.2203,2,own,debt_consolidation,north,0
86,58,44312.62,7.8,24822.16,0.2052,3,rent,debt_consolidation,north,1
243,23,23225.84,6.9,37488.66,1.1958,8,mortgage,debt_consolidation,north,1
699,20,50829.4,6.2,35967.67,0.4342,10,rent,credit_card,east,0
160,63,28046.42,8.1,28963.76,0.9181,6,rent,medical,north,1
525,36,51094.55,8.4,13543.27,0.1282,6,rent,home_improvement,west,1
36,21,56736.83,10.1,11822.93,0.1002,10,mortgage,home_improvement,east,0
541,59,53348.73,11.4,21232.05,0.0688,8,rent,credit_card,north,0
171,24,39989.28,4.9,11204.54,0.1487,7,rent,medical,west,0
655,50,77668.02,1.6,31537.5,0.2691,14,rent,debt_consolidation,east,1
895,61,54609.36,2.3,18908.65,0.3531,12,mortgage,debt_consolidation,south,1
862,71,57420.65,3.5,20085.01,0.2125,8,rent,credit_card,west,0
852,64,67222.44,4.4,10215.31,0.041,8,mortgage,credit_card,north,0
949,72,64772.74,7.8,20623.2,0.1215,8,rent,credit_card,north,0
734,62,19610.03,20.7,16481.23,0.312,3,rent,credit_card,north,0
96,34,77304.38,,7669.14,0.0172,4,rent,debt_consolidation,west,0
564,28,31839.92,15.3,17211.45,0.2537,3,rent,debt_consolidation,south,0
241,26,69796.54,17.3,11558.9,0.2552,13,mortgage,debt_consolidation,west,0
743,54,63556.71,14.9,33762.22,0.5016,8,mortgage,home_improvement,west,0
575,18,79999.68,24.7,21427.51,0.1461,3,mortgage,home_improvement,west,0
691,75,26006.34,10.9,16785.19,0.2101,13,rent,debt_consolidation,south,0
461,59,66886.96,16.0,10418.09,0.0776,3,mortgage,home_improvement,west,0
554,36,35968.22,,32032.64,0.5121,4,mortgage,medical,south,0
883,44,64434.03,7.8,39683.92,0.2749,6,rent,medical,north,0
207,62,86208.5,12.1,1908.35,0.019,12,mortgage,debt_consolidation,east,0
393,39,45968.99,8.2,20245.88,0.105,14,rent,credit_card,south,1
795,43,45718.87,3.3,21357.9,0.0423,12,mortgage,home_improvement,east,0
398,29,41789.8,12.8,10134.8,0.096,15,mortgage,other,north,0
767,53,,8.3,26582.17,0.9531,9,mortgage,other,north,0
853,73,54081.78,7.4,12559.11,0.1678,1,mortgage,home_improvement,west,0
218,23,29347.06,2.3,7950.07,0.0573,6,rent,home_improvement,east,0
5,43,42332.21,6.7,32351.43,0.7566,1,mortgage,debt_consolidation,west,1
769,26,23016.07,5.5,35806.78,1.0458,9,rent,credit_card,east,1
643,67,44133.81,6.3,22709.72,0.5428,8,mortgage,debt_consolidation,south,0
902,20,37192.34,,5371.87,0.0389,14,rent,debt_consolidation,east,0
613,63,51088.18,4.3,7825.19,0.1439,7,mortgage,credit_card,west,0
739,60,80055.26,3.5,8860.52,0.031,15,mortgage,other,west,0
547,42,45831.42,9.7,17669.74,0.3476,8,rent,credit_card,east,1
726,24,32007.8,4.5,32123.54,0.5955,10,rent,other,east,1
684,73,34522.59,15.8,30520.52,0.1654,7,rent,debt_consolidation,north,0
99,54,53746.38,3.7,8194.39,0.0707,15,rent,credit_card,east,0
805,60,52122.8,13.2,8839.63,0.1374,3,rent,medical,south,0
728,23,114813.85,8.6,32969.8,0.2371,11,rent,home_improvement,north,0
574,20,23994.8,3.8,9087.54,0.2049,11,rent,medical,north,0
407,43,38213.98,8.4,4146.53,0.0418,2,rent,debt_consolidation,west,0
503,73,64642.83,15.8,3856.59,0.0664,6,mortgage,debt_consolidation,north,0
48,69,53360.41,5.2,17211.65,0.141,15,mortgage,debt_consolidation,north,0
33,23,41369.54,3.1,13502.78,0.3556,10,rent,home_improvement,north,0
780,67,70965.16,6.8,5607.1,0.0157,6,mortgage,credit_card,east,0
840,70,,1.3,15791.37,0.2217,7,mortgage,other,north,0
201,39,57852.06,8.6,38448.81,0.2703,0,mortgage,home_improvement,south,0
135,64,30214.76,3.6,25893.19,0.5006,10,mortgage,debt_consolidation,west,0
28,65,39000.6,10.5,35720.06,0.4599,6,own,debt_consolidation,north,0
885,65,55354.25,,36319.08,0.8802,11,rent,other,north,1
231,44,60316.32,3.3,17684.74,0.2587,15,rent,debt_consolidation,south,0
490,53,41698.98,6.9,16857.33,0.1015,9,rent,credit_card,east,1
773,18,48136.55,8.5,19960.17,0.3274,2,rent,other,east,0
379,40,58974.07,11.9,14449.77,0.1281,12,rent,credit_card,north,0
289,49,91426.68,8.6,39962.56,0.0844,2,rent,debt_consolidation,north,0
419,35,24309.77,12.0,21997.35,0.4384,3,own,other,south,0
675,54,48663.14,11.4,38407.65,0.4634,9,rent,credit_card,north,1
392,28,58959.37,,6436.5,0.1365,15,rent,credit_card,south,0
593,31,23319.17,6.5,26505.5,0.8175,12,mortgage,debt_consolidation,north,0
499,71,57526.87,3.7,22065.54,0.1075,10,rent,credit_card,west,0
139,38,81673.26,3.0,32969.34,0.1694,12,rent,credit_card,north,0
63,39,41704.98,4.8,10635.64,0.0533,7,mortgage,other,south,0
472,64,57436.09,4.3,38183.39,0.0746,4,mortgage,home_improvement,east,0
648,49,41843.03,9.4,31146.88,0.1061,3,mortgage,home_improvement,north,0
129,51,57249.43,15.4,34234.99,0.1205,3,mortgage,other,east,0
982,58,34291.86,14.4,2449.27,0.0083,7,rent,home_improvement,south,0
521,38,33466.47,7.9,28768.04,0.5706,9,mortgage,medical,south,0
839,18,70735.19,7.7,24096.08,0.2847,10,own,credit_card,south,0
968,36,39282.99,4.6,27354.19,1.0526,8,mortgage,medical,west,1
65,41,42280.41,8.6,12595.85,0.1705,8,mortgage,home_improvement,west,0
813,57,22235.97,7.9,7123.44,0.0906,4,rent,medical,west,0
15,59,68224.56,6.5,12186.59,0.0468,0,rent,home_improvement,south,0
157,25,27318.08,4.5,34403.34,0.5791,7,rent,credit_card,north,1
41,27,30157.64,6.6,35521.35,0.9659,15,rent,credit_card,south,1
493,61,60294.52,14.5,7093.41,0.0744,0,own,medical,south,0
380,33,29759.01,7.5,4524.0,0.1131,1,mortgage,other,south,0
188,40,36522.34,11.8,32894.82,0.6401,13,rent,debt_consolidation,north,1
764,72,72867.89,7.2,33460.45,0.4573,5,mortgage,home_improvement,west,0
217,22,28653.29,1.9,13183.12,0.4199,6,mortgage,medical,west,1
792,44,39183.55,9.9,8614.42,0.1174,3,rent,debt_consolidation,west,0
53,39,53875.15,1.5,32377.29,0.9272,1,rent,debt_consolidation,south,1
879,49,41680.49,16.9,7821.76,0.0989,5,rent,credit_card,south,1
338,36,,2.8,36994.79,0.7902,14,rent,home_improvement,north,1
749,36,56101.31,24.0,33769.79,0.3641,3,mortgage,credit_card,south,1
720,52,28373.7,13.6,5899.38,0.0657,12,own,other,east,0
725,63,37191.83,10.0,21293.85,0.3664,12,rent,other,south,1
296,48,30297.01,2.0,36669.37,1.0246,3,rent,home_improvement,south,1
702,53,34358.46,3.7,9439.18,0.1404,5,mortgage,debt_consolidation,west,0
252,46,56896.31,7.8,2557.74,0.0219,3,own,credit_card,north,0
727,59,34096.98,0.5,11085.0,0.0964,10,mortgage,credit_card,west,0
462,26,53173.37,6.3,11338.01,0.0752,3,mortgage,credit_card,east,0
456,50,29911.41,1.0,30386.52,0.6316,15,mortgage,credit_card,east,1
966,52,120542.18,,27647.79,0.0769,4,rent,debt_consolidation,south,0
816,66,27671.24,3.4,30117.44,0.1988,5,rent,debt_consolidation,south,1
863,24,34545.34,5.6,22634.06,0.2022,12,mortgage,medical,east,0
270,52,46582.19,3.9,9575.71,0.1221,7,own,home_improvement,north,1
202,70,78893.53,3.0,5987.41,0.0304,4,mortgage,other,west,0
162,56,107804.11,5.8,35179.4,0.1447,12,mortgage,credit_card,south,0
556,47,68192.49,10.4,21629.96,0.0516,12,mortgage,credit_card,south,0
730,56,66536.78,1.8,25167.42,0.1634,3,own,debt_consolidation,east,0
402,63,31903.08,7.7,19203.36,0.1912,5,rent,medical,south,1
703,27,56598.37,6.0,39776.87,0.7136,14,rent,medical,east,1
477,67,118158.7,11.6,7300.48,0.0539,15,own,debt_consolidation,south,0
822,56,59633.92,7.7,15648.63,0.1329,2,mortgage,medical,west,0
772,75,37040.08,4.3,13241.58,0.1901,1,mortgage,debt_consolidation,north,0
106,63,31195.93,7.9,24410.66,0.3865,2,rent,home_improvement,east,0
566,31,35229.74,2.4,21975.39,0.1355,7,rent,credit_card,north,0
390,26,48620.97,3.7,8890.04,0.0802,4,rent,debt_consolidation,south,1
2,62,49262.26,7.5,19884.33,0.3957,8,rent,debt_consolidation,south,0
942,41,52765.81,5.5,27574.19,0.4319,8,rent,debt_consolidation,west,0
988,36,25436.05,12.6,15203.59,0.3005,11,mortgage,home_improvement,west,1
562,20,57359.67,6.8,27925.92,0.1943,4,own,debt_consolidation,south,0
81,72,55290.21,5.3,9237.62,0.0313,4,rent,home_improvement,north,0
206,33,61248.82,2.2,13666.05,0.0488,13,mortgage,credit_card,north,0
35,69,55148.0,3.4,25250.64,0.183,5,rent,home_improvement,west,0
776,73,65629.96,5.5,22132.1,0.1441,13,rent,debt_consolidation,north,1
509,33,36257.48,8.7,9551.6,0.1597,0,rent,medical,south,0
428,64,49097.71,6.5,2677.13,0.0575,12,rent,home_improvement,north,0
455,52,58568.48,2.6,18253.19,0.0368,6,own,home_improvement,east,1
367,45,64269.51,8.3,37830.4,0.2434,8,rent,credit_card,south,0
92,64,52837.7,7.2,23289.12,0.2583,7,own,medical,east,0
340,73,41080.0,7.5,22842.24,0.2824,8,rent,credit_card,north,0
898,21,48274.9,9.1,10418.07,0.168,9,mortgage,credit_card,west,0
565,69,35544.95,5.6,10749.48,0.1815,3,mortgage,home_improvement,west,0
346,32,44537.13,20.5,23858.27,0.2777,1,rent,credit_card,west,0
777,42,44484.81,2.1,26719.22,0.2468,14,rent,credit_card,north,0
242,51,20501.07,10.0,13785.84,0.2719,1,rent,home_improvement,south,0
14,62,42369.85,5.6,18094.34,0.2502,11,rent,credit_card,north,1
316,56,69542.31,5.7,32601.36,0.3051,4,mortgage,home_improvement,north,0
601,53,43854.09,2.1,5061.25,0.0441,13,rent,other,west,1
388,66,38767.37,6.4,8682.21,0.042,10,mortgage,credit_card,east,0
274,73,98379.28,7.3,4176.26,0.0151,4,rent,home_improvement,east,0
167,36,22740.1,4.7,18578.77,0.5594,11,own,credit_card,north,0
841,34,35264.01,8.8,8283.1,0.2312,10,mortgage,credit_card,east,1
998,38,38224.36,,39269.23,0.3862,14,rent,credit_card,east,1
647,44,43675.64,3.8,29560.42,0.2732,7,rent,credit_card,north,0
819,56,32713.24,20.1,19265.17,0.2435,5,rent,credit_card,west,0
485,44,26997.34,7.4,16321.46,0.147,13,rent,other,south,0
986,55,29096.68,,35177.44,0.2209,5,mortgage,credit_card,west,0
505,33,57297.33,3.5,4937.1,0.0358,13,mortgage,medical,east,0
832,31,33339.81,7.5,1544.94,0.0488,10,rent,other,north,0
244,55,33094.73,8.3,25350.13,0.1767,6,mortgage,credit_card,east,0
567,31,54954.45,5.9,18083.04,0.1956,14,mortgage,medical,north,0
876,47,39524.22,5.6,17175.41,0.0919,10,own,credit_card,west,0
563,46,47538.56,5.2,17968.42,0.2041,6,rent,home_improvement,east,0
687,41,95210.17,0.8,32470.0,0.3837,5,mortgage,debt_consolidation,west,0
958,54,29375.76,2.1,20245.39,0.7467,14,rent,debt_consolidation,south,1
190,35,61335.44,9.5,20160.84,0.2657,15,rent,debt_consolidation,west,0
783,25,35819.53,8.0,6718.3,0.042,8,own,other,west,0
700,23,,10.3,7094.69,0.3214,2,own,debt_consolidation,west,1
476,63,39839.46,4.2,28442.67,0.6496,11,mortgage,home_improvement,north,1
682,25,38790.09,33.5,32804.61,0.4335,3,mortgage,debt_consolidation,east,0
511,75,87094.39,4.9,24052.03,0.1069,7,rent,medical,south,0
59,61,35490.92,1.5,3020.4,0.0466,8,mortgage,debt_consolidation,west,0
475,54,80845.21,,38705.98,0.2522,6,rent,debt_consolidation,west,0
561,49,68088.84,3.3,2218.4,0.0232,9,own,debt_consolidation,south,0
857,32,57802.77,8.2,35238.64,0.3279,12,mortgage,other,west,0
748,36,55946.64,3.0,19488.19,0.1897,11,rent,home_improvement,north,0
253,28,40244.55,5.4,32006.07,0.2377,4,mortgage,other,north,0
22,39,33714.32,5.1,10612.56,0.2684,6,rent,credit_card,east,0
314,34,22041.42,8.7,8500.25,0.2045,12,rent,home_improvement,east,1
460,24,47024.53,0.8,11132.13,0.1637,0,mortgage,debt_consolidation,west,0
161,75,63975.26,4.2,10756.67,0.0907,10,mortgage,debt_consolidation,south,1
277,45,64368.5,2.4,27360.49,0.0732,12,rent,credit_card,south,0
956,53,39285.59,0.5,2155.64,0.0527,2,own,home_improvement,west,0
192,54,35587.65,3.6,4052.1,0.0084,0,rent,home_improvement,south,0
386,25,24939.0,7.9,6654.32,0.1179,4,mortgage,home_improvement,south,1
806,63,,10.1,30651.54,0.5645,14,rent,medical,west,1
414,25,37881.58,6.6,8033.8,0.057,4,rent,medical,west,0
492,68,52533.82,6.3,23385.38,0.5061,4,rent,medical,east,0
344,47,,1.0,36487.55,1.5,15,mortgage,home_improvement,south,1
770,39,66704.49,5.3,27970.61,0.2669,10,rent,other,west,1
309,36,41817.39,7.8,37060.15,0.1622,9,own,home_improvement,south,0
662,60,23506.26,2.3,1810.69,0.0307,11,mortgage,credit_card,south,0
131,50,50617.18,3.0,29480.36,0.2623,8,mortgage,medical,west,0
664,29,43878.08,19.6,32207.8,0.6358,10,rent,home_improvement,north,0
872,29,25921.18,7.1,23778.47,0.1243,13,mortgage,credit_card,south,0
100,26,16688.89,3.4,4687.66,0.0615,0,rent,debt_consolidation,north,0
373,41,45620.21,1.5,5134.1,0.0721,10,rent,medical,north,0
88,36,55689.12,24.6,14488.17,0.1044,4,rent,credit_card,west,0
459,66,67179.77,9.1,19741.84,0.1561,0,rent,debt_consolidation,south,0
331,49,36824.41,6.9,21229.37,0.5091,3,own,other,east,1
215,60,35423.57,11.8,1607.65,0.0337,12,mortgage,debt_consolidation,east,0
467,27,13974.65,2.4,22339.48,0.6571,14,rent,home_improvement,west,1
122,56,77938.03,3.8,27133.63,0.336,14,mortgage,credit_card,south,1
615,57,76531.37,1.8,8996.97,0.0909,8,rent,credit_card,south,0
21,47,65684.02,12.2,6584.67,0.0457,13,own,debt_consolidation,west,0
701,48,64719.65,1.5,36481.95,0.116,12,mortgage,debt_consolidation,west,0
72,28,,12.2,17265.06,0.0988,15,rent,other,north,0
107,63,35093.02,24.5,4598.05,0.0288,15,rent,home_improvement,south,0
271,35,39278.05,4.2,32367.38,0.7883,2,own,other,north,0
861,74,57534.93,0.8,15872.61,0.214,13,rent,debt_consolidation,west,0
436,25,79598.73,5.3,8542.03,0.0865,7,mortgage,home_improvement,south,0
103,64,32453.76,3.7,24990.29,0.6727,1,mortgage,medical,west,1
